"Dimension","Mapped","Total","Validation_Coverage","Algorithm","Scenario","Fold"
3,80,80,1,"Topolow","dim2_S_missing",1
3,80,80,1,"Topolow","dim2_S_missing",2
3,80,80,1,"Topolow","dim2_S_missing",3
3,80,80,1,"Topolow","dim2_S_missing",4
3,80,80,1,"Topolow","dim2_S_missing",5
3,80,80,1,"Topolow","dim2_S_missing",6
3,80,80,1,"Topolow","dim2_S_missing",7
3,80,80,1,"Topolow","dim2_S_missing",8
3,80,80,1,"Topolow","dim2_S_missing",9
3,80,80,1,"Topolow","dim2_S_missing",10
3,80,80,1,"Topolow","dim2_S_missing",11
3,80,80,1,"Topolow","dim2_S_missing",12
3,80,80,1,"Topolow","dim2_S_missing",13
3,80,80,1,"Topolow","dim2_S_missing",14
3,80,80,1,"Topolow","dim2_S_missing",15
3,80,80,1,"Topolow","dim2_S_missing",16
3,80,80,1,"Topolow","dim2_S_missing",17
3,80,80,1,"Topolow","dim2_S_missing",18
3,80,80,1,"Topolow","dim2_S_missing",19
3,80,80,1,"Topolow","dim2_S_missing",20
8,80,80,1,"Topolow","dim2_M_missing",1
8,80,80,1,"Topolow","dim2_M_missing",2
8,80,80,1,"Topolow","dim2_M_missing",3
8,80,80,1,"Topolow","dim2_M_missing",4
8,80,80,1,"Topolow","dim2_M_missing",5
8,80,80,1,"Topolow","dim2_M_missing",6
8,80,80,1,"Topolow","dim2_M_missing",7
8,80,80,1,"Topolow","dim2_M_missing",8
8,80,80,1,"Topolow","dim2_M_missing",9
8,80,80,1,"Topolow","dim2_M_missing",10
8,80,80,1,"Topolow","dim2_M_missing",11
8,80,80,1,"Topolow","dim2_M_missing",12
8,80,80,1,"Topolow","dim2_M_missing",13
8,80,80,1,"Topolow","dim2_M_missing",14
8,80,80,1,"Topolow","dim2_M_missing",15
8,80,80,1,"Topolow","dim2_M_missing",16
8,80,80,1,"Topolow","dim2_M_missing",17
8,80,80,1,"Topolow","dim2_M_missing",18
8,80,80,1,"Topolow","dim2_M_missing",19
8,80,80,1,"Topolow","dim2_M_missing",20
3,80,80,1,"Topolow","dim2_L_missing",1
3,80,80,1,"Topolow","dim2_L_missing",2
3,80,80,1,"Topolow","dim2_L_missing",3
3,80,80,1,"Topolow","dim2_L_missing",4
3,80,80,1,"Topolow","dim2_L_missing",5
3,80,80,1,"Topolow","dim2_L_missing",6
3,80,80,1,"Topolow","dim2_L_missing",7
3,80,80,1,"Topolow","dim2_L_missing",8
3,80,80,1,"Topolow","dim2_L_missing",9
3,80,80,1,"Topolow","dim2_L_missing",10
3,80,80,1,"Topolow","dim2_L_missing",11
3,80,80,1,"Topolow","dim2_L_missing",12
3,80,80,1,"Topolow","dim2_L_missing",13
3,80,80,1,"Topolow","dim2_L_missing",14
3,80,80,1,"Topolow","dim2_L_missing",15
3,80,80,1,"Topolow","dim2_L_missing",16
3,80,80,1,"Topolow","dim2_L_missing",17
3,80,80,1,"Topolow","dim2_L_missing",18
3,80,80,1,"Topolow","dim2_L_missing",19
3,80,80,1,"Topolow","dim2_L_missing",20
4,80,80,1,"Topolow","dim2_S_noise1",1
4,80,80,1,"Topolow","dim2_S_noise1",2
4,80,80,1,"Topolow","dim2_S_noise1",3
4,80,80,1,"Topolow","dim2_S_noise1",4
4,80,80,1,"Topolow","dim2_S_noise1",5
4,80,80,1,"Topolow","dim2_S_noise1",6
4,80,80,1,"Topolow","dim2_S_noise1",7
4,80,80,1,"Topolow","dim2_S_noise1",8
4,80,80,1,"Topolow","dim2_S_noise1",9
4,80,80,1,"Topolow","dim2_S_noise1",10
4,80,80,1,"Topolow","dim2_S_noise1",11
4,80,80,1,"Topolow","dim2_S_noise1",12
4,80,80,1,"Topolow","dim2_S_noise1",13
4,80,80,1,"Topolow","dim2_S_noise1",14
4,80,80,1,"Topolow","dim2_S_noise1",15
4,80,80,1,"Topolow","dim2_S_noise1",16
4,80,80,1,"Topolow","dim2_S_noise1",17
4,80,80,1,"Topolow","dim2_S_noise1",18
4,80,80,1,"Topolow","dim2_S_noise1",19
4,80,80,1,"Topolow","dim2_S_noise1",20
7,80,80,1,"Topolow","dim2_M_noise1",1
7,80,80,1,"Topolow","dim2_M_noise1",2
7,80,80,1,"Topolow","dim2_M_noise1",3
7,80,80,1,"Topolow","dim2_M_noise1",4
7,80,80,1,"Topolow","dim2_M_noise1",5
7,80,80,1,"Topolow","dim2_M_noise1",6
7,80,80,1,"Topolow","dim2_M_noise1",7
7,80,80,1,"Topolow","dim2_M_noise1",8
7,80,80,1,"Topolow","dim2_M_noise1",9
7,80,80,1,"Topolow","dim2_M_noise1",10
7,80,80,1,"Topolow","dim2_M_noise1",11
7,80,80,1,"Topolow","dim2_M_noise1",12
7,80,80,1,"Topolow","dim2_M_noise1",13
7,80,80,1,"Topolow","dim2_M_noise1",14
7,80,80,1,"Topolow","dim2_M_noise1",15
7,80,80,1,"Topolow","dim2_M_noise1",16
7,80,80,1,"Topolow","dim2_M_noise1",17
7,80,80,1,"Topolow","dim2_M_noise1",18
7,80,80,1,"Topolow","dim2_M_noise1",19
7,80,80,1,"Topolow","dim2_M_noise1",20
3,80,80,1,"Topolow","dim2_L_noise1",1
3,80,80,1,"Topolow","dim2_L_noise1",2
3,80,80,1,"Topolow","dim2_L_noise1",3
3,80,80,1,"Topolow","dim2_L_noise1",4
3,80,80,1,"Topolow","dim2_L_noise1",5
3,80,80,1,"Topolow","dim2_L_noise1",6
3,80,80,1,"Topolow","dim2_L_noise1",7
3,80,80,1,"Topolow","dim2_L_noise1",8
3,80,80,1,"Topolow","dim2_L_noise1",9
3,80,80,1,"Topolow","dim2_L_noise1",10
3,80,80,1,"Topolow","dim2_L_noise1",11
3,80,80,1,"Topolow","dim2_L_noise1",12
3,80,80,1,"Topolow","dim2_L_noise1",13
3,80,80,1,"Topolow","dim2_L_noise1",14
3,80,80,1,"Topolow","dim2_L_noise1",15
3,80,80,1,"Topolow","dim2_L_noise1",16
3,80,80,1,"Topolow","dim2_L_noise1",17
3,80,80,1,"Topolow","dim2_L_noise1",18
3,80,80,1,"Topolow","dim2_L_noise1",19
3,80,80,1,"Topolow","dim2_L_noise1",20
5,80,80,1,"Topolow","dim2_S_noise_bias",1
5,80,80,1,"Topolow","dim2_S_noise_bias",2
5,80,80,1,"Topolow","dim2_S_noise_bias",3
5,80,80,1,"Topolow","dim2_S_noise_bias",4
5,80,80,1,"Topolow","dim2_S_noise_bias",5
5,80,80,1,"Topolow","dim2_S_noise_bias",6
5,80,80,1,"Topolow","dim2_S_noise_bias",7
5,80,80,1,"Topolow","dim2_S_noise_bias",8
5,80,80,1,"Topolow","dim2_S_noise_bias",9
5,80,80,1,"Topolow","dim2_S_noise_bias",10
5,80,80,1,"Topolow","dim2_S_noise_bias",11
5,80,80,1,"Topolow","dim2_S_noise_bias",12
5,80,80,1,"Topolow","dim2_S_noise_bias",13
5,80,80,1,"Topolow","dim2_S_noise_bias",14
5,80,80,1,"Topolow","dim2_S_noise_bias",15
5,80,80,1,"Topolow","dim2_S_noise_bias",16
5,80,80,1,"Topolow","dim2_S_noise_bias",17
5,80,80,1,"Topolow","dim2_S_noise_bias",18
5,80,80,1,"Topolow","dim2_S_noise_bias",19
5,80,80,1,"Topolow","dim2_S_noise_bias",20
9,80,80,1,"Topolow","dim2_M_noise_bias",1
9,80,80,1,"Topolow","dim2_M_noise_bias",2
9,80,80,1,"Topolow","dim2_M_noise_bias",3
9,80,80,1,"Topolow","dim2_M_noise_bias",4
9,80,80,1,"Topolow","dim2_M_noise_bias",5
9,80,80,1,"Topolow","dim2_M_noise_bias",6
9,80,80,1,"Topolow","dim2_M_noise_bias",7
9,80,80,1,"Topolow","dim2_M_noise_bias",8
9,80,80,1,"Topolow","dim2_M_noise_bias",9
9,80,80,1,"Topolow","dim2_M_noise_bias",10
9,80,80,1,"Topolow","dim2_M_noise_bias",11
9,80,80,1,"Topolow","dim2_M_noise_bias",12
9,80,80,1,"Topolow","dim2_M_noise_bias",13
9,80,80,1,"Topolow","dim2_M_noise_bias",14
9,80,80,1,"Topolow","dim2_M_noise_bias",15
9,80,80,1,"Topolow","dim2_M_noise_bias",16
9,80,80,1,"Topolow","dim2_M_noise_bias",17
9,80,80,1,"Topolow","dim2_M_noise_bias",18
9,80,80,1,"Topolow","dim2_M_noise_bias",19
9,80,80,1,"Topolow","dim2_M_noise_bias",20
3,80,80,1,"Topolow","dim2_L_noise_bias",1
3,80,80,1,"Topolow","dim2_L_noise_bias",2
3,80,80,1,"Topolow","dim2_L_noise_bias",3
3,80,80,1,"Topolow","dim2_L_noise_bias",4
3,80,80,1,"Topolow","dim2_L_noise_bias",5
3,80,80,1,"Topolow","dim2_L_noise_bias",6
3,80,80,1,"Topolow","dim2_L_noise_bias",7
3,80,80,1,"Topolow","dim2_L_noise_bias",8
3,80,80,1,"Topolow","dim2_L_noise_bias",9
3,80,80,1,"Topolow","dim2_L_noise_bias",10
3,80,80,1,"Topolow","dim2_L_noise_bias",11
3,80,80,1,"Topolow","dim2_L_noise_bias",12
3,80,80,1,"Topolow","dim2_L_noise_bias",13
3,80,80,1,"Topolow","dim2_L_noise_bias",14
3,80,80,1,"Topolow","dim2_L_noise_bias",15
3,80,80,1,"Topolow","dim2_L_noise_bias",16
3,80,80,1,"Topolow","dim2_L_noise_bias",17
3,80,80,1,"Topolow","dim2_L_noise_bias",18
3,80,80,1,"Topolow","dim2_L_noise_bias",19
3,80,80,1,"Topolow","dim2_L_noise_bias",20
21,80,80,1,"Topolow","dim5_S_missing",1
21,80,80,1,"Topolow","dim5_S_missing",2
21,80,80,1,"Topolow","dim5_S_missing",3
21,80,80,1,"Topolow","dim5_S_missing",4
21,80,80,1,"Topolow","dim5_S_missing",5
21,80,80,1,"Topolow","dim5_S_missing",6
21,80,80,1,"Topolow","dim5_S_missing",7
21,80,80,1,"Topolow","dim5_S_missing",8
21,80,80,1,"Topolow","dim5_S_missing",9
21,80,80,1,"Topolow","dim5_S_missing",10
21,80,80,1,"Topolow","dim5_S_missing",11
21,80,80,1,"Topolow","dim5_S_missing",12
21,80,80,1,"Topolow","dim5_S_missing",13
21,80,80,1,"Topolow","dim5_S_missing",14
21,80,80,1,"Topolow","dim5_S_missing",15
21,80,80,1,"Topolow","dim5_S_missing",16
21,80,80,1,"Topolow","dim5_S_missing",17
21,80,80,1,"Topolow","dim5_S_missing",18
21,80,80,1,"Topolow","dim5_S_missing",19
21,80,80,1,"Topolow","dim5_S_missing",20
9,80,80,1,"Topolow","dim5_M_missing",1
9,80,80,1,"Topolow","dim5_M_missing",2
9,80,80,1,"Topolow","dim5_M_missing",3
9,80,80,1,"Topolow","dim5_M_missing",4
9,80,80,1,"Topolow","dim5_M_missing",5
9,80,80,1,"Topolow","dim5_M_missing",6
9,80,80,1,"Topolow","dim5_M_missing",7
9,80,80,1,"Topolow","dim5_M_missing",8
9,80,80,1,"Topolow","dim5_M_missing",9
9,80,80,1,"Topolow","dim5_M_missing",10
9,80,80,1,"Topolow","dim5_M_missing",11
9,80,80,1,"Topolow","dim5_M_missing",12
9,80,80,1,"Topolow","dim5_M_missing",13
9,80,80,1,"Topolow","dim5_M_missing",14
9,80,80,1,"Topolow","dim5_M_missing",15
9,80,80,1,"Topolow","dim5_M_missing",16
9,80,80,1,"Topolow","dim5_M_missing",17
9,80,80,1,"Topolow","dim5_M_missing",18
9,80,80,1,"Topolow","dim5_M_missing",19
9,80,80,1,"Topolow","dim5_M_missing",20
4,80,80,1,"Topolow","dim5_L_missing",1
4,80,80,1,"Topolow","dim5_L_missing",2
4,80,80,1,"Topolow","dim5_L_missing",3
4,80,80,1,"Topolow","dim5_L_missing",4
4,80,80,1,"Topolow","dim5_L_missing",5
4,80,80,1,"Topolow","dim5_L_missing",6
4,80,80,1,"Topolow","dim5_L_missing",7
4,80,80,1,"Topolow","dim5_L_missing",8
4,80,80,1,"Topolow","dim5_L_missing",9
4,80,80,1,"Topolow","dim5_L_missing",10
4,80,80,1,"Topolow","dim5_L_missing",11
4,80,80,1,"Topolow","dim5_L_missing",12
4,80,80,1,"Topolow","dim5_L_missing",13
4,80,80,1,"Topolow","dim5_L_missing",14
4,80,80,1,"Topolow","dim5_L_missing",15
4,80,80,1,"Topolow","dim5_L_missing",16
4,80,80,1,"Topolow","dim5_L_missing",17
4,80,80,1,"Topolow","dim5_L_missing",18
4,80,80,1,"Topolow","dim5_L_missing",19
4,80,80,1,"Topolow","dim5_L_missing",20
24,80,80,1,"Topolow","dim5_S_noise1",1
24,80,80,1,"Topolow","dim5_S_noise1",2
24,80,80,1,"Topolow","dim5_S_noise1",3
24,80,80,1,"Topolow","dim5_S_noise1",4
24,80,80,1,"Topolow","dim5_S_noise1",5
24,80,80,1,"Topolow","dim5_S_noise1",6
24,80,80,1,"Topolow","dim5_S_noise1",7
24,80,80,1,"Topolow","dim5_S_noise1",8
24,80,80,1,"Topolow","dim5_S_noise1",9
24,80,80,1,"Topolow","dim5_S_noise1",10
24,80,80,1,"Topolow","dim5_S_noise1",11
24,80,80,1,"Topolow","dim5_S_noise1",12
24,80,80,1,"Topolow","dim5_S_noise1",13
24,80,80,1,"Topolow","dim5_S_noise1",14
24,80,80,1,"Topolow","dim5_S_noise1",15
24,80,80,1,"Topolow","dim5_S_noise1",16
24,80,80,1,"Topolow","dim5_S_noise1",17
24,80,80,1,"Topolow","dim5_S_noise1",18
24,80,80,1,"Topolow","dim5_S_noise1",19
24,80,80,1,"Topolow","dim5_S_noise1",20
26,80,80,1,"Topolow","dim5_M_noise1",1
26,80,80,1,"Topolow","dim5_M_noise1",2
26,80,80,1,"Topolow","dim5_M_noise1",3
26,80,80,1,"Topolow","dim5_M_noise1",4
26,80,80,1,"Topolow","dim5_M_noise1",5
26,80,80,1,"Topolow","dim5_M_noise1",6
26,80,80,1,"Topolow","dim5_M_noise1",7
26,80,80,1,"Topolow","dim5_M_noise1",8
26,80,80,1,"Topolow","dim5_M_noise1",9
26,80,80,1,"Topolow","dim5_M_noise1",10
26,80,80,1,"Topolow","dim5_M_noise1",11
26,80,80,1,"Topolow","dim5_M_noise1",12
26,80,80,1,"Topolow","dim5_M_noise1",13
26,80,80,1,"Topolow","dim5_M_noise1",14
26,80,80,1,"Topolow","dim5_M_noise1",15
26,80,80,1,"Topolow","dim5_M_noise1",16
26,80,80,1,"Topolow","dim5_M_noise1",17
26,80,80,1,"Topolow","dim5_M_noise1",18
26,80,80,1,"Topolow","dim5_M_noise1",19
26,80,80,1,"Topolow","dim5_M_noise1",20
4,80,80,1,"Topolow","dim5_L_noise1",1
4,80,80,1,"Topolow","dim5_L_noise1",2
4,80,80,1,"Topolow","dim5_L_noise1",3
4,80,80,1,"Topolow","dim5_L_noise1",4
4,80,80,1,"Topolow","dim5_L_noise1",5
4,80,80,1,"Topolow","dim5_L_noise1",6
4,80,80,1,"Topolow","dim5_L_noise1",7
4,80,80,1,"Topolow","dim5_L_noise1",8
4,80,80,1,"Topolow","dim5_L_noise1",9
4,80,80,1,"Topolow","dim5_L_noise1",10
4,80,80,1,"Topolow","dim5_L_noise1",11
4,80,80,1,"Topolow","dim5_L_noise1",12
4,80,80,1,"Topolow","dim5_L_noise1",13
4,80,80,1,"Topolow","dim5_L_noise1",14
4,80,80,1,"Topolow","dim5_L_noise1",15
4,80,80,1,"Topolow","dim5_L_noise1",16
4,80,80,1,"Topolow","dim5_L_noise1",17
4,80,80,1,"Topolow","dim5_L_noise1",18
4,80,80,1,"Topolow","dim5_L_noise1",19
4,80,80,1,"Topolow","dim5_L_noise1",20
16,80,80,1,"Topolow","dim5_S_noise_bias",1
16,80,80,1,"Topolow","dim5_S_noise_bias",2
16,80,80,1,"Topolow","dim5_S_noise_bias",3
16,80,80,1,"Topolow","dim5_S_noise_bias",4
16,80,80,1,"Topolow","dim5_S_noise_bias",5
16,80,80,1,"Topolow","dim5_S_noise_bias",6
16,80,80,1,"Topolow","dim5_S_noise_bias",7
16,80,80,1,"Topolow","dim5_S_noise_bias",8
16,80,80,1,"Topolow","dim5_S_noise_bias",9
16,80,80,1,"Topolow","dim5_S_noise_bias",10
16,80,80,1,"Topolow","dim5_S_noise_bias",11
16,80,80,1,"Topolow","dim5_S_noise_bias",12
16,80,80,1,"Topolow","dim5_S_noise_bias",13
16,80,80,1,"Topolow","dim5_S_noise_bias",14
16,80,80,1,"Topolow","dim5_S_noise_bias",15
16,80,80,1,"Topolow","dim5_S_noise_bias",16
16,80,80,1,"Topolow","dim5_S_noise_bias",17
16,80,80,1,"Topolow","dim5_S_noise_bias",18
16,80,80,1,"Topolow","dim5_S_noise_bias",19
16,80,80,1,"Topolow","dim5_S_noise_bias",20
15,80,80,1,"Topolow","dim5_M_noise_bias",1
15,80,80,1,"Topolow","dim5_M_noise_bias",2
15,80,80,1,"Topolow","dim5_M_noise_bias",3
15,80,80,1,"Topolow","dim5_M_noise_bias",4
15,80,80,1,"Topolow","dim5_M_noise_bias",5
15,80,80,1,"Topolow","dim5_M_noise_bias",6
15,80,80,1,"Topolow","dim5_M_noise_bias",7
15,80,80,1,"Topolow","dim5_M_noise_bias",8
15,80,80,1,"Topolow","dim5_M_noise_bias",9
15,80,80,1,"Topolow","dim5_M_noise_bias",10
15,80,80,1,"Topolow","dim5_M_noise_bias",11
15,80,80,1,"Topolow","dim5_M_noise_bias",12
15,80,80,1,"Topolow","dim5_M_noise_bias",13
15,80,80,1,"Topolow","dim5_M_noise_bias",14
15,80,80,1,"Topolow","dim5_M_noise_bias",15
15,80,80,1,"Topolow","dim5_M_noise_bias",16
15,80,80,1,"Topolow","dim5_M_noise_bias",17
15,80,80,1,"Topolow","dim5_M_noise_bias",18
15,80,80,1,"Topolow","dim5_M_noise_bias",19
15,80,80,1,"Topolow","dim5_M_noise_bias",20
4,80,80,1,"Topolow","dim5_L_noise_bias",1
4,80,80,1,"Topolow","dim5_L_noise_bias",2
4,80,80,1,"Topolow","dim5_L_noise_bias",3
4,80,80,1,"Topolow","dim5_L_noise_bias",4
4,80,80,1,"Topolow","dim5_L_noise_bias",5
4,80,80,1,"Topolow","dim5_L_noise_bias",6
4,80,80,1,"Topolow","dim5_L_noise_bias",7
4,80,80,1,"Topolow","dim5_L_noise_bias",8
4,80,80,1,"Topolow","dim5_L_noise_bias",9
4,80,80,1,"Topolow","dim5_L_noise_bias",10
4,80,80,1,"Topolow","dim5_L_noise_bias",11
4,80,80,1,"Topolow","dim5_L_noise_bias",12
4,80,80,1,"Topolow","dim5_L_noise_bias",13
4,80,80,1,"Topolow","dim5_L_noise_bias",14
4,80,80,1,"Topolow","dim5_L_noise_bias",15
4,80,80,1,"Topolow","dim5_L_noise_bias",16
4,80,80,1,"Topolow","dim5_L_noise_bias",17
4,80,80,1,"Topolow","dim5_L_noise_bias",18
4,80,80,1,"Topolow","dim5_L_noise_bias",19
4,80,80,1,"Topolow","dim5_L_noise_bias",20
24,80,80,1,"Topolow","dim10_S_missing",1
24,80,80,1,"Topolow","dim10_S_missing",2
24,80,80,1,"Topolow","dim10_S_missing",3
24,80,80,1,"Topolow","dim10_S_missing",4
24,80,80,1,"Topolow","dim10_S_missing",5
24,80,80,1,"Topolow","dim10_S_missing",6
24,80,80,1,"Topolow","dim10_S_missing",7
24,80,80,1,"Topolow","dim10_S_missing",8
24,80,80,1,"Topolow","dim10_S_missing",9
24,80,80,1,"Topolow","dim10_S_missing",10
24,80,80,1,"Topolow","dim10_S_missing",11
24,80,80,1,"Topolow","dim10_S_missing",12
24,80,80,1,"Topolow","dim10_S_missing",13
24,80,80,1,"Topolow","dim10_S_missing",14
24,80,80,1,"Topolow","dim10_S_missing",15
24,80,80,1,"Topolow","dim10_S_missing",16
24,80,80,1,"Topolow","dim10_S_missing",17
24,80,80,1,"Topolow","dim10_S_missing",18
24,80,80,1,"Topolow","dim10_S_missing",19
24,80,80,1,"Topolow","dim10_S_missing",20
10,80,80,1,"Topolow","dim10_M_missing",1
10,80,80,1,"Topolow","dim10_M_missing",2
10,80,80,1,"Topolow","dim10_M_missing",3
10,80,80,1,"Topolow","dim10_M_missing",4
10,80,80,1,"Topolow","dim10_M_missing",5
10,80,80,1,"Topolow","dim10_M_missing",6
10,80,80,1,"Topolow","dim10_M_missing",7
10,80,80,1,"Topolow","dim10_M_missing",8
10,80,80,1,"Topolow","dim10_M_missing",9
10,80,80,1,"Topolow","dim10_M_missing",10
10,80,80,1,"Topolow","dim10_M_missing",11
10,80,80,1,"Topolow","dim10_M_missing",12
10,80,80,1,"Topolow","dim10_M_missing",13
10,80,80,1,"Topolow","dim10_M_missing",14
10,80,80,1,"Topolow","dim10_M_missing",15
10,80,80,1,"Topolow","dim10_M_missing",16
10,80,80,1,"Topolow","dim10_M_missing",17
10,80,80,1,"Topolow","dim10_M_missing",18
10,80,80,1,"Topolow","dim10_M_missing",19
10,80,80,1,"Topolow","dim10_M_missing",20
6,80,80,1,"Topolow","dim10_L_missing",1
6,80,80,1,"Topolow","dim10_L_missing",2
6,80,80,1,"Topolow","dim10_L_missing",3
6,80,80,1,"Topolow","dim10_L_missing",4
6,80,80,1,"Topolow","dim10_L_missing",5
6,80,80,1,"Topolow","dim10_L_missing",6
6,80,80,1,"Topolow","dim10_L_missing",7
6,80,80,1,"Topolow","dim10_L_missing",8
6,80,80,1,"Topolow","dim10_L_missing",9
6,80,80,1,"Topolow","dim10_L_missing",10
6,80,80,1,"Topolow","dim10_L_missing",11
6,80,80,1,"Topolow","dim10_L_missing",12
6,80,80,1,"Topolow","dim10_L_missing",13
6,80,80,1,"Topolow","dim10_L_missing",14
6,80,80,1,"Topolow","dim10_L_missing",15
6,80,80,1,"Topolow","dim10_L_missing",16
6,80,80,1,"Topolow","dim10_L_missing",17
6,80,80,1,"Topolow","dim10_L_missing",18
6,80,80,1,"Topolow","dim10_L_missing",19
6,80,80,1,"Topolow","dim10_L_missing",20
25,80,80,1,"Topolow","dim10_S_noise1",1
25,80,80,1,"Topolow","dim10_S_noise1",2
25,80,80,1,"Topolow","dim10_S_noise1",3
25,80,80,1,"Topolow","dim10_S_noise1",4
25,80,80,1,"Topolow","dim10_S_noise1",5
25,80,80,1,"Topolow","dim10_S_noise1",6
25,80,80,1,"Topolow","dim10_S_noise1",7
25,80,80,1,"Topolow","dim10_S_noise1",8
25,80,80,1,"Topolow","dim10_S_noise1",9
25,80,80,1,"Topolow","dim10_S_noise1",10
25,80,80,1,"Topolow","dim10_S_noise1",11
25,80,80,1,"Topolow","dim10_S_noise1",12
25,80,80,1,"Topolow","dim10_S_noise1",13
25,80,80,1,"Topolow","dim10_S_noise1",14
25,80,80,1,"Topolow","dim10_S_noise1",15
25,80,80,1,"Topolow","dim10_S_noise1",16
25,80,80,1,"Topolow","dim10_S_noise1",17
25,80,80,1,"Topolow","dim10_S_noise1",18
25,80,80,1,"Topolow","dim10_S_noise1",19
25,80,80,1,"Topolow","dim10_S_noise1",20
8,80,80,1,"Topolow","dim10_M_noise1",1
8,80,80,1,"Topolow","dim10_M_noise1",2
8,80,80,1,"Topolow","dim10_M_noise1",3
8,80,80,1,"Topolow","dim10_M_noise1",4
8,80,80,1,"Topolow","dim10_M_noise1",5
8,80,80,1,"Topolow","dim10_M_noise1",6
8,80,80,1,"Topolow","dim10_M_noise1",7
8,80,80,1,"Topolow","dim10_M_noise1",8
8,80,80,1,"Topolow","dim10_M_noise1",9
8,80,80,1,"Topolow","dim10_M_noise1",10
8,80,80,1,"Topolow","dim10_M_noise1",11
8,80,80,1,"Topolow","dim10_M_noise1",12
8,80,80,1,"Topolow","dim10_M_noise1",13
8,80,80,1,"Topolow","dim10_M_noise1",14
8,80,80,1,"Topolow","dim10_M_noise1",15
8,80,80,1,"Topolow","dim10_M_noise1",16
8,80,80,1,"Topolow","dim10_M_noise1",17
8,80,80,1,"Topolow","dim10_M_noise1",18
8,80,80,1,"Topolow","dim10_M_noise1",19
8,80,80,1,"Topolow","dim10_M_noise1",20
4,80,80,1,"Topolow","dim10_L_noise1",1
4,80,80,1,"Topolow","dim10_L_noise1",2
4,80,80,1,"Topolow","dim10_L_noise1",3
4,80,80,1,"Topolow","dim10_L_noise1",4
4,80,80,1,"Topolow","dim10_L_noise1",5
4,80,80,1,"Topolow","dim10_L_noise1",6
4,80,80,1,"Topolow","dim10_L_noise1",7
4,80,80,1,"Topolow","dim10_L_noise1",8
4,80,80,1,"Topolow","dim10_L_noise1",9
4,80,80,1,"Topolow","dim10_L_noise1",10
4,80,80,1,"Topolow","dim10_L_noise1",11
4,80,80,1,"Topolow","dim10_L_noise1",12
4,80,80,1,"Topolow","dim10_L_noise1",13
4,80,80,1,"Topolow","dim10_L_noise1",14
4,80,80,1,"Topolow","dim10_L_noise1",15
4,80,80,1,"Topolow","dim10_L_noise1",16
4,80,80,1,"Topolow","dim10_L_noise1",17
4,80,80,1,"Topolow","dim10_L_noise1",18
4,80,80,1,"Topolow","dim10_L_noise1",19
4,80,80,1,"Topolow","dim10_L_noise1",20
13,80,80,1,"Topolow","dim10_S_noise_bias",1
13,80,80,1,"Topolow","dim10_S_noise_bias",2
13,80,80,1,"Topolow","dim10_S_noise_bias",3
13,80,80,1,"Topolow","dim10_S_noise_bias",4
13,80,80,1,"Topolow","dim10_S_noise_bias",5
13,80,80,1,"Topolow","dim10_S_noise_bias",6
13,80,80,1,"Topolow","dim10_S_noise_bias",7
13,80,80,1,"Topolow","dim10_S_noise_bias",8
13,80,80,1,"Topolow","dim10_S_noise_bias",9
13,80,80,1,"Topolow","dim10_S_noise_bias",10
13,80,80,1,"Topolow","dim10_S_noise_bias",11
13,80,80,1,"Topolow","dim10_S_noise_bias",12
13,80,80,1,"Topolow","dim10_S_noise_bias",13
13,80,80,1,"Topolow","dim10_S_noise_bias",14
13,80,80,1,"Topolow","dim10_S_noise_bias",15
13,80,80,1,"Topolow","dim10_S_noise_bias",16
13,80,80,1,"Topolow","dim10_S_noise_bias",17
13,80,80,1,"Topolow","dim10_S_noise_bias",18
13,80,80,1,"Topolow","dim10_S_noise_bias",19
13,80,80,1,"Topolow","dim10_S_noise_bias",20
6,80,80,1,"Topolow","dim10_M_noise_bias",1
6,80,80,1,"Topolow","dim10_M_noise_bias",2
6,80,80,1,"Topolow","dim10_M_noise_bias",3
6,80,80,1,"Topolow","dim10_M_noise_bias",4
6,80,80,1,"Topolow","dim10_M_noise_bias",5
6,80,80,1,"Topolow","dim10_M_noise_bias",6
6,80,80,1,"Topolow","dim10_M_noise_bias",7
6,80,80,1,"Topolow","dim10_M_noise_bias",8
6,80,80,1,"Topolow","dim10_M_noise_bias",9
6,80,80,1,"Topolow","dim10_M_noise_bias",10
6,80,80,1,"Topolow","dim10_M_noise_bias",11
6,80,80,1,"Topolow","dim10_M_noise_bias",12
6,80,80,1,"Topolow","dim10_M_noise_bias",13
6,80,80,1,"Topolow","dim10_M_noise_bias",14
6,80,80,1,"Topolow","dim10_M_noise_bias",15
6,80,80,1,"Topolow","dim10_M_noise_bias",16
6,80,80,1,"Topolow","dim10_M_noise_bias",17
6,80,80,1,"Topolow","dim10_M_noise_bias",18
6,80,80,1,"Topolow","dim10_M_noise_bias",19
6,80,80,1,"Topolow","dim10_M_noise_bias",20
4,80,80,1,"Topolow","dim10_L_noise_bias",1
4,80,80,1,"Topolow","dim10_L_noise_bias",2
4,80,80,1,"Topolow","dim10_L_noise_bias",3
4,80,80,1,"Topolow","dim10_L_noise_bias",4
4,80,80,1,"Topolow","dim10_L_noise_bias",5
4,80,80,1,"Topolow","dim10_L_noise_bias",6
4,80,80,1,"Topolow","dim10_L_noise_bias",7
4,80,80,1,"Topolow","dim10_L_noise_bias",8
4,80,80,1,"Topolow","dim10_L_noise_bias",9
4,80,80,1,"Topolow","dim10_L_noise_bias",10
4,80,80,1,"Topolow","dim10_L_noise_bias",11
4,80,80,1,"Topolow","dim10_L_noise_bias",12
4,80,80,1,"Topolow","dim10_L_noise_bias",13
4,80,80,1,"Topolow","dim10_L_noise_bias",14
4,80,80,1,"Topolow","dim10_L_noise_bias",15
4,80,80,1,"Topolow","dim10_L_noise_bias",16
4,80,80,1,"Topolow","dim10_L_noise_bias",17
4,80,80,1,"Topolow","dim10_L_noise_bias",18
4,80,80,1,"Topolow","dim10_L_noise_bias",19
4,80,80,1,"Topolow","dim10_L_noise_bias",20
